deltaf,accident_year,dev,mean,std,min,max,q25,median,q75
Outstanding,2024,1,0.12302880861,0.6427924993325965,0.000492711,6.45163,0.0280154,0.04538755,0.062051725
Outstanding,2024,2,0.10066936107,0.11007728579142735,0.000690277,0.542885,0.049677175000000004,0.06566015,0.09978574999999999
Outstanding,2024,3,0.1048970142,0.15522266789171996,0.00052722,1.38106,0.04991005,0.0728612,0.10300525
Outstanding,2024,4,0.18687116156000003,0.8384052179379674,0.000631006,8.41009,0.057808125,0.07525994999999999,0.111663
Outstanding,2024,5,0.1351737134,0.2523638284373323,0.00200636,1.48551,0.04989235,0.07448235,0.0971397
Outstanding,2024,6,0.1018938052,0.16083410762704214,0.00123929,1.31004,0.046453775,0.0675191,0.093391
Outstanding,2024,7,0.17960570220000002,0.46015180839243414,0.00423432,3.26951,0.04746725,0.0669907,0.10882425000000001
Outstanding,2024,8,0.1177519283,0.24325225539581907,0.00532573,1.84277,0.042064825,0.062215349999999996,0.087462025
Outstanding,2024,9,0.1012620226,0.23494219639408292,0.00156844,1.66036,0.0336269,0.0563683,0.07830975
Outstanding,2024,10,0.16358382070000002,0.5775787572352957,0.00433312,5.52203,0.041765,0.056794700000000004,0.10048975
Outstanding,2024,11,0.12160238829999999,0.4363115163359139,0.00132491,4.05505,0.03660365,0.0494673,0.083558825
Outstanding,2024,12,0.062464218,0.07771781814336201,0.0035689,0.650613,0.032162425,0.0439797,0.061112425
Outstanding,2024,13,0.1071625796,0.22325767654800258,0.00116545,1.16022,0.024034025,0.037740949999999995,0.069471725
Outstanding,2024,14,0.06582704889999999,0.16806330812267592,0.00218981,1.52569,0.0237736,0.03532035,0.048040725
Outstanding,2024,15,0.0832331467,0.3019495779155044,0.00069722,2.38336,0.02265115,0.0297679,0.040206725
Outstanding,2024,16,0.05315215424,0.10730809048551515,0.000791064,1.01496,0.02080075,0.031149049999999998,0.042692799999999996
Outstanding,2024,17,0.046999946550000005,0.1989170348065929,0.000574255,2.00944,0.01726645,0.02374835,0.034697225
Outstanding,2024,18,0.05366563008,0.1600573496112925,0.000917784,1.25201,0.016200625000000003,0.0227264,0.029846750000000002
Outstanding,2024,19,0.056163163999999995,0.1728899658949538,0.00113826,1.51594,0.017205025,0.02398595,0.0307663
Outstanding,2024,20,0.0336622202,0.09808353345765396,0.0034849,0.956692,0.011642,0.0172795,0.0265302
Outstanding,2024,21,0.035531135799999995,0.09236627181989361,0.00208032,0.774542,0.011577925,0.01695725,0.025037375
Outstanding,2024,22,0.02949648924,0.06697586438997703,0.000192652,0.583622,0.0106045,0.0148363,0.02166435
Outstanding,2024,23,0.0265225897,0.056503610714069945,0.00118579,0.468484,0.009559795,0.01313015,0.01949915
Outstanding,2024,24,0.01628592932,0.018304263151441232,0.000348902,0.15736,0.008918235,0.0126049,0.01812725
Outstanding,2024,25,0.02504720361,0.0638537981617569,0.000813361,0.536895,0.0077583475,0.01208295,0.01777815
Outstanding,2024,26,0.02429030454,0.06598160052379749,0.000756537,0.536583,0.007418005,0.0103306,0.01520145
Outstanding,2024,27,0.027316163049999998,0.10811392185137893,0.000260469,1.04374,0.00580068,0.009129365,0.014072725000000001
Outstanding,2024,28,0.01377682564,0.02914616881375654,0.000622374,0.265506,0.004986905,0.006991745000000001,0.011475225
Outstanding,2024,29,0.01937426624,0.04024903380831884,0.000547229,0.273145,0.005125015,0.007962275,0.01198545
Outstanding,2024,30,0.02625437413,0.0655094947195818,0.000315014,0.373391,0.00498637,0.006916045,0.01158275
Outstanding,2024,31,0.01096689378,0.021260731376209905,0.000662285,0.187889,0.0038393274999999998,0.006091345,0.00924266
Outstanding,2024,32,0.009449892159999999,0.02087091026424709,0.000344295,0.175646,0.0034746250000000003,0.00468712,0.0076957725
Outstanding,2024,33,0.011144442130000001,0.038010447169378236,0.000582331,0.372477,0.0030357875,0.0044586899999999995,0.0081838825
Outstanding,2024,34,0.008901093450000001,0.022686603204986132,0.000467614,0.214153,0.00322135,0.00426392,0.00663783
Outstanding,2024,35,0.0059325049200000006,0.009041561211272562,0.000209972,0.0763255,0.0024001350000000003,0.0036212600000000003,0.0057145275
Outstanding,2024,36,0.011565927657,0.06707303590974498,9.01317e-05,0.672796,0.0022935625,0.0032227749999999998,0.005383
Outstanding,2024,37,0.00950079357,0.03429334216807183,0.000405762,0.335551,0.0027178425,0.003603175,0.0048531
Outstanding,2024,38,0.0063700037799999994,0.016369363353721213,0.000200298,0.141586,0.001795785,0.00291444,0.0044328425
Outstanding,2024,39,0.005716822338,0.018961659801298023,6.65058e-05,0.179143,0.00160195,0.00214053,0.00336037
Outstanding,2024,40,0.003749146645,0.007396884452973989,4.63405e-05,0.0704575,0.0014992525,0.0023660449999999998,0.0032576425
Outstanding,2024,41,0.00408023863,0.007317872646260433,0.000185763,0.046095,0.0014399075,0.00208792,0.00327078
Outstanding,2024,42,0.0037867686570000002,0.007496604698613862,4.76787e-05,0.0455057,0.001282915,0.00175515,0.0026651525000000002
Outstanding,2024,43,0.004272432048,0.01950230342907077,3.82649e-05,0.195215,0.0009798634999999998,0.0014826050000000001,0.0024826075
Outstanding,2024,44,0.00481590646,0.010062106036791004,0.000159868,0.061867,0.00102344325,0.001481055,0.0022648399999999997
Outstanding,2024,45,0.003318985413,0.009340756120081548,6.2494e-05,0.0750286,0.00100965025,0.0013726699999999999,0.0022887174999999997
Outstanding,2024,46,0.003356208531,0.011884196201004832,9.41251e-05,0.108289,0.00073636275,0.00124017,0.001761945
Outstanding,2024,47,0.00468489939,0.01502555543042902,0.000141617,0.105936,0.000772887,0.001040045,0.0014934425
Outstanding,2024,48,0.001981864639,0.0048654588200363405,4.41619e-05,0.0330892,0.00058831175,0.0008828219999999999,0.0012676225
Outstanding,2025,1,0.0610482682,0.07155950951937481,0.00121615,0.481263,0.029255725,0.04285705,0.0647955
Outstanding,2025,2,0.1245456044,0.2976909913170335,0.0023834,2.46166,0.039444524999999994,0.057375300000000004,0.096654825
Outstanding,2025,3,0.1534246231,0.4507602171296377,0.00203471,4.11316,0.046672875,0.06309914999999999,0.09441084999999999
Outstanding,2025,4,0.2064806866,1.214576508400067,0.00202329,12.207,0.047853175,0.06599805,0.0982278
Outstanding,2025,5,0.10215237610000001,0.19433134610105043,0.00447597,1.44991,0.046843800000000005,0.0611832,0.080694825
Outstanding,2025,6,0.11000777149999999,0.19360161075014606,0.0034067,1.64344,0.043462175,0.06908215000000001,0.10528475
Outstanding,2025,7,0.20291563799999998,1.2309427880175936,0.0026632,12.3553,0.043261875,0.05715855,0.08460527500000001
Outstanding,2025,8,0.0828180773,0.13184404598302413,0.00158316,1.15115,0.0338887,0.05546725,0.08503944999999999
Outstanding,2025,9,0.08740882300000001,0.13660169985937684,0.0012368,1.12466,0.042271500000000004,0.05544475,0.07462065
Outstanding,2025,10,0.074678186912,0.1926643604587423,9.45792e-05,1.89073,0.030579775,0.0452058,0.0654448
Outstanding,2025,11,0.08014890593,0.1308033158525698,0.000329433,1.06973,0.03039035,0.0449141,0.064330125
Outstanding,2025,12,0.063329255,0.11338995895062409,0.00089437,0.926603,0.021770325,0.03888075,0.05376225
Outstanding,2025,13,0.06588068217,0.14062817620730114,0.000346957,1.08714,0.023895200000000002,0.03364065,0.052513425
Outstanding,2025,14,0.068723764,0.20006564110537692,0.0016826,1.78769,0.0205998,0.031227400000000002,0.04050495
Outstanding,2025,15,0.04151889196,0.07136409720244458,0.000338406,0.561675,0.0158516,0.0233595,0.036014125
Outstanding,2025,16,0.05798622592,0.17422879211243447,0.000854932,1.3791,0.017585299999999998,0.0244094,0.034863925000000004
Outstanding,2025,17,0.0367409411,0.05339556838052421,0.0011362,0.367274,0.015850549999999998,0.0222786,0.0320758
Outstanding,2025,18,0.04102346,0.09804253758761998,0.00016743,0.792031,0.013631725,0.0205931,0.029465175
Outstanding,2025,19,0.03230556575,0.0691428142921875,0.000248027,0.644286,0.012457875,0.0177245,0.02833305
Outstanding,2025,20,0.02608889384,0.04573014114184853,0.000326194,0.426302,0.011787549999999999,0.017179800000000002,0.023717074999999997
Outstanding,2025,21,0.02765433776,0.041012978704651204,0.000319486,0.277199,0.01118485,0.014953000000000001,0.022685375
Outstanding,2025,22,0.03074260893,0.11552044810693068,0.000473593,0.971005,0.0071109125,0.01290305,0.018212775
Outstanding,2025,23,0.03217358144,0.17187066430486847,0.00037237,1.72062,0.0071885325,0.0109304,0.015509875
Outstanding,2025,24,0.01750444792,0.026611235345914624,0.000402763,0.147789,0.0069899025,0.009615104999999999,0.01432795
Outstanding,2025,25,0.028229677770000003,0.11099716580049607,0.000525397,1.03316,0.006712477499999999,0.00880585,0.013307550000000001
Outstanding,2025,26,0.01728401025,0.06455039510582418,0.000460834,0.629421,0.005289495,0.00787592,0.010567475
Outstanding,2025,27,0.021213981990000002,0.0699759894882185,0.000271011,0.649327,0.0054550975,0.007969799999999999,0.01129815
Outstanding,2025,28,0.019685638709999998,0.08901851293727461,0.000528531,0.846899,0.0038709950000000003,0.006009755,0.009286875
Outstanding,2025,29,0.0199666546,0.09718761847801421,0.00108065,0.972971,0.0046130925,0.006737955,0.00985461
Outstanding,2025,30,0.00977468173,0.027996507648701523,0.000145578,0.275921,0.0035950275,0.005420465,0.007975102500000001
Outstanding,2025,31,0.009645044448,0.03227328794277498,4.96088e-05,0.325066,0.0038133025,0.00531404,0.0076606025000000005
Outstanding,2025,32,0.01513356521,0.056912712593220366,0.000138782,0.51665,0.0033060299999999997,0.004777399999999999,0.006326725
Outstanding,2025,33,0.00677955107,0.012705760687680766,5.1132e-05,0.112463,0.002829655,0.00426538,0.00601493
Outstanding,2025,34,0.018221810993,0.11943281245584078,6.25323e-05,1.19023,0.0024782375,0.003555325,0.00536715
Outstanding,2025,35,0.00448166534,0.004636484697300258,0.000379799,0.0278496,0.0019356125000000001,0.00311486,0.00487765
Outstanding,2025,36,0.00533623645,0.01401336819785973,0.000186936,0.136295,0.0019806850000000003,0.0034195099999999997,0.00499941
Outstanding,2025,37,0.00464320477,0.01043529412542262,2.2127e-05,0.102575,0.00203191,0.00271215,0.0044163225
Outstanding,2025,38,0.003627979542,0.006818584133119766,4.76611e-05,0.0512331,0.0013249,0.002088385,0.0034198025
Outstanding,2025,39,0.0033341917,0.005979385041742665,0.000135203,0.0486521,0.0013747575,0.002140825,0.0029808674999999996
Outstanding,2025,40,0.014280572602000002,0.08181327727366706,5.17672e-05,0.774256,0.0011884674999999999,0.001760495,0.00295135
Outstanding,2025,41,0.003847975439,0.011829546122418981,3.21168e-05,0.0873273,0.0010102765,0.001773115,0.0025823175000000004
Outstanding,2025,42,0.0039902501670000005,0.011266645089779615,2.60647e-05,0.0934715,0.0011907225,0.00160087,0.0021450475
Outstanding,2025,43,0.0030479945026,0.006525025674398786,4.27696e-06,0.0424259,0.00093466925,0.001378225,0.002158965
Outstanding,2025,44,0.0021960202500000002,0.003429550518261615,0.000134702,0.0259368,0.00084896125,0.001242635,0.0018658725
Outstanding,2025,45,0.001737047734,0.003161168202776456,3.34356e-05,0.0279594,0.00070833525,0.001109365,0.00152609
Outstanding,2025,46,0.001599015386,0.0033196489958062054,1.60318e-05,0.0309769,0.000572646,0.0009419205,0.001464085
Outstanding,2025,47,0.001521157396,0.003372027872621762,5.58693e-05,0.0332503,0.0005723415,0.000879304,0.00147226
Outstanding,2025,48,0.001600767841,0.0032312854178415213,5.15437e-05,0.0227693,0.00059405425,0.0009426594999999999,0.0013109425
Outstanding,2026,1,0.0610706114,0.10834165468998717,0.00116592,1.0527,0.032499574999999996,0.042720900000000006,0.05724775
Outstanding,2026,2,0.9200856010000001,8.310384613658487,0.00048107,83.182,0.039631625,0.06505225,0.0893405
Outstanding,2026,3,0.1179518677,0.23403741365965786,0.00657465,2.19852,0.050398425,0.06431965,0.10661625000000001
Outstanding,2026,4,0.1008592559,0.14148806026875832,0.00188102,1.18377,0.047618925,0.07106105,0.10551575
Outstanding,2026,5,0.6132943774,3.2892886449166974,0.00309665,27.9193,0.051284899999999994,0.0729989,0.097421625
Outstanding,2026,6,0.0998652631,0.15068645836895475,0.00602737,1.14741,0.048385625,0.06651955000000001,0.10120575000000001
Outstanding,2026,7,0.08244491890000001,0.12526843630490397,0.0044952,1.22688,0.0445114,0.060695349999999995,0.085320625
Outstanding,2026,8,0.0780482628,0.09226387854777802,0.00216401,0.569549,0.03703155,0.053683800000000004,0.075175225
Outstanding,2026,9,0.12197560899999998,0.36680775897776474,0.0109423,2.63646,0.034922474999999994,0.050521449999999996,0.06875305
Outstanding,2026,10,0.08375949840000001,0.21840656395256905,0.00146826,2.15588,0.031939275,0.0462546,0.068930375
Outstanding,2026,11,0.0917635836,0.25076355244911364,0.00165526,2.20672,0.033029125,0.047798400000000005,0.0704186
Outstanding,2026,12,0.0819278972,0.19178401773073248,0.000496469,1.81988,0.02947635,0.03984465,0.060864100000000004
Outstanding,2026,13,0.19096738813999997,1.4094285181635893,0.000902674,14.1343,0.0278429,0.03573435,0.04869255
Outstanding,2026,14,0.07609209732,0.24622116918142747,0.000362312,2.38194,0.024344949999999997,0.03099775,0.045522175
Outstanding,2026,15,0.07530782700000001,0.24073937828559763,0.00129646,2.30188,0.01862745,0.030251399999999998,0.045670925
Outstanding,2026,16,0.0712496521,0.25107199795619256,0.000687341,2.31591,0.01957285,0.02619765,0.03803385
Outstanding,2026,17,0.1040225431,0.47411786785470816,0.00345679,4.68463,0.019008274999999998,0.0249893,0.0382576
Outstanding,2026,18,0.033077643010000005,0.0788741995246185,0.000420504,0.737701,0.014422225,0.019937450000000002,0.0273113
Outstanding,2026,19,0.04243390615,0.10481351831910629,0.000891725,0.950354,0.014350400000000001,0.0202426,0.030264375
Outstanding,2026,20,0.03319294103,0.08640431621570961,0.000551103,0.7649,0.0127609,0.018603300000000003,0.02463725
Outstanding,2026,21,0.03438979991,0.12351673661761911,0.000665761,1.23067,0.01123,0.015864049999999998,0.022783925
Outstanding,2026,22,0.024869843239999998,0.04425560761192026,0.000198804,0.326098,0.0099214325,0.01496995,0.019698800000000002
Outstanding,2026,23,0.041406853650000006,0.18588229481200724,0.000580815,1.82915,0.0088204275,0.01340645,0.0189345
Outstanding,2026,24,0.0240695015,0.05119824912113847,0.00101752,0.427975,0.008612262499999999,0.0117676,0.018080924999999998
Outstanding,2026,25,0.0181644476,0.029033137411923315,0.0001952,0.269645,0.0087930825,0.01214275,0.0174572
Outstanding,2026,26,0.023642951638,0.0899405769310796,4.21668e-05,0.852185,0.006327577500000001,0.009000065,0.013878075
Outstanding,2026,27,0.01642320971,0.03685873347302482,0.000369782,0.25673,0.00642273,0.008183425,0.0113704
Outstanding,2026,28,0.01014905884,0.013049315325043954,0.000188798,0.104827,0.00461275,0.00720322,0.010156225
Outstanding,2026,29,0.01874943032,0.05085419777509688,0.000523783,0.30863,0.004900235,0.0070377849999999995,0.01037425
Outstanding,2026,30,0.018432379769999997,0.06879568468537514,0.000230327,0.653064,0.004146195,0.00622548,0.009233915
Outstanding,2026,31,0.00993882241,0.020743869856603276,0.000709696,0.164208,0.0036222675,0.00565677,0.0078933775
Outstanding,2026,32,0.00716268023,0.007847024857816893,0.000265465,0.0482379,0.0033171725,0.005260635,0.0070513749999999995
Outstanding,2026,33,0.009507896565,0.024039897314120175,4.65842e-05,0.221717,0.0032893225,0.00463472,0.0067061724999999996
Outstanding,2026,34,0.008423632494,0.02603327575545252,5.28606e-05,0.256201,0.0026327875,0.00405811,0.0057005125
Outstanding,2026,35,0.00678451381,0.011028040345922545,0.000155728,0.0840125,0.0025251475,0.0039815549999999995,0.005437555
Outstanding,2026,36,0.005804468940000001,0.011488272763294208,0.000102945,0.102808,0.0020943375,0.00324215,0.004727645
Outstanding,2026,37,0.0079041164,0.023842273216658643,0.000337825,0.21863,0.0021466225,0.00329609,0.0046690724999999995
Outstanding,2026,38,0.004946917563,0.009870770692077658,1.40165e-05,0.0776183,0.0017330025,0.00280188,0.00387384
Outstanding,2026,39,0.011266972345,0.05157710836394403,8.56035e-05,0.495824,0.001823495,0.00250114,0.0040124775
Outstanding,2026,40,0.0037459484,0.007518395851461967,0.000302027,0.0544843,0.0013620525,0.0019644249999999997,0.00308052
Outstanding,2026,41,0.004429853878,0.009895329827624685,4.48348e-05,0.0743195,0.0015237274999999998,0.0018989850000000002,0.0032026025
Outstanding,2026,42,0.004203835814,0.010250331124588572,9.41164e-05,0.091445,0.0013826774999999999,0.002037985,0.0029076325
Outstanding,2026,43,0.0019878806299999997,0.0022115314644394696,5.75141e-05,0.0156207,0.0009722064999999999,0.001522215,0.0023014775
Outstanding,2026,44,0.00261622195,0.004087751423378757,0.000218821,0.0277895,0.00097136775,0.001438735,0.0023183125
Outstanding,2026,45,0.002067262359,0.0033685108339373427,5.262e-05,0.0250357,0.00084745425,0.001144305,0.001743
Outstanding,2026,46,0.002846055,0.010366395819312504,3.9268e-05,0.0997547,0.000703245,0.00115191,0.0016563675000000001
Outstanding,2026,47,0.002015275373,0.0038899343028841377,5.31163e-05,0.0298957,0.0006961985,0.0010731249999999999,0.0016870925
Outstanding,2026,48,0.001712984252,0.0030850549010449754,1.9922e-05,0.0221452,0.0006305239999999999,0.0010355149999999999,0.0013329499999999998
Outstanding,2027,1,0.07108603901999999,0.171587308676126,0.000492442,1.63124,0.027826200000000002,0.03998285,0.05822765
Outstanding,2027,2,0.10124336919999999,0.13573036695014817,0.00324375,1.17361,0.053115925,0.0737766,0.10404375
Outstanding,2027,3,0.121953069,0.28826976263501747,0.00141477,2.79883,0.0491528,0.07591890000000001,0.10598625
Outstanding,2027,4,0.14528418273,0.24170327667013336,0.000494543,1.46091,0.055704000000000004,0.08095820000000001,0.126264
Outstanding,2027,5,0.15833622249999998,0.3475959271949498,0.00230035,3.09141,0.063638225,0.08673045,0.11804475
Outstanding,2027,6,0.2087096018,0.9795098595635529,0.00157484,9.72448,0.04905855,0.07161395,0.10929849999999999
Outstanding,2027,7,0.1435949023,0.6619890009401429,0.00197454,6.66566,0.041625375000000006,0.063301,0.10162075000000001
Outstanding,2027,8,0.12587807835,0.5014232915761483,0.000905595,5.0482,0.042441124999999996,0.06053945,0.0842653
Outstanding,2027,9,0.08814780109999999,0.11985484756339841,0.00159797,0.802272,0.03920075,0.059923699999999996,0.08293215
Outstanding,2027,10,0.08169525266000001,0.13719499442173935,0.000293226,1.05416,0.03808155,0.05204855,0.08029645
Outstanding,2027,11,0.06872913723,0.1058106436160128,0.000601268,0.633217,0.028247425,0.04326755,0.06421270000000001
Outstanding,2027,12,0.04731004176,0.03649803124429974,0.000712836,0.24081,0.02642515,0.0393534,0.065436575
Outstanding,2027,13,0.0659349032,0.10515660273709304,0.00137263,0.806904,0.029211374999999998,0.0424829,0.055990325
Outstanding,2027,14,0.070165224,0.1263880524441615,0.00203257,0.931754,0.02711285,0.039387649999999996,0.05696985
Outstanding,2027,15,0.04765137697,0.09949992647413558,0.000981267,0.97494,0.02314675,0.0319204,0.043898599999999996
Outstanding,2027,16,0.13450180907,0.9048091495650095,0.000795917,9.07168,0.019594675,0.0259789,0.04145695
Outstanding,2027,17,0.03234303337,0.043236655207861734,0.000601311,0.303736,0.014328025,0.0232312,0.031719025
Outstanding,2027,18,0.039478212501000004,0.07864085249730547,3.80671e-05,0.589943,0.015313875,0.0219466,0.03385615
Outstanding,2027,19,0.040244410620000004,0.09000647018870774,0.000443114,0.666707,0.012954525,0.020120899999999997,0.02990425
Outstanding,2027,20,0.03973067691,0.07941007261618821,0.00022876,0.597441,0.013115324999999999,0.01960235,0.028560324999999998
Outstanding,2027,21,0.027051014669999998,0.05527757884760856,0.000169457,0.509215,0.01288865,0.017201,0.02345195
Outstanding,2027,22,0.032233091136,0.08805187463433813,7.95406e-05,0.746759,0.0084429275,0.0138649,0.021565300000000003
Outstanding,2027,23,0.01696354114,0.01826365934438065,0.000497738,0.153875,0.0094560725,0.0127358,0.019003649999999997
Outstanding,2027,24,0.03502596624,0.06892882230141999,0.000400744,0.422699,0.01010215,0.01384295,0.020978225
Outstanding,2027,25,0.01728072757,0.02204807115212486,0.000178663,0.153555,0.0072412275,0.01128945,0.019615225
Outstanding,2027,26,0.02084079066,0.0630819022008425,0.000998306,0.525994,0.0064794275,0.00904822,0.014720549999999999
Outstanding,2027,27,0.016102632253,0.04740302885066862,4.15083e-05,0.468384,0.0059209425,0.008390595,0.012852375000000001
Outstanding,2027,28,0.01716250275,0.03320695972942275,0.000276219,0.263187,0.0059713825000000005,0.008320365,0.01338695
Outstanding,2027,29,0.02063066369,0.05115582278915663,0.000704364,0.277902,0.0052665525000000005,0.0076213900000000005,0.010280649999999999
Outstanding,2027,30,0.00907404635,0.011480987696911613,0.000199146,0.0828651,0.0040060825,0.00627419,0.009383545
Outstanding,2027,31,0.00774184607,0.006796716000889037,0.000407131,0.0451484,0.004342135,0.00628091,0.0083273975
Outstanding,2027,32,0.009138370135,0.011899643917773465,2.17315e-05,0.0733135,0.00329268,0.00528432,0.00822581
Outstanding,2027,33,0.012860471124,0.05486542894673955,4.49394e-05,0.542582,0.00328232,0.004895455,0.0069770175
Outstanding,2027,34,0.008238762715,0.025704615323821765,3.70895e-05,0.250262,0.0029671274999999997,0.00442361,0.005965875000000001
Outstanding,2027,35,0.0059393831600000006,0.007432088880970175,0.000232838,0.0491394,0.0027897175000000003,0.00446344,0.0060720075
Outstanding,2027,36,0.007781797609999999,0.01680942684824875,0.000672078,0.109164,0.0023183875,0.003333735,0.0050954
Outstanding,2027,37,0.004648895919,0.005372717504052673,1.47239e-05,0.0331939,0.002228895,0.003103335,0.0045119475
Outstanding,2027,38,0.0043553852799999996,0.005090657622905066,0.000149395,0.036101,0.0019963425,0.00275481,0.004293402500000001
Outstanding,2027,39,0.006143047150000001,0.018335124611972634,0.000146338,0.158212,0.0018988475000000001,0.002528795,0.0035302650000000003
Outstanding,2027,40,0.003556023098,0.004277614228099082,5.27346e-05,0.0335294,0.00178381,0.0022807599999999997,0.0039787825
Outstanding,2027,41,0.003081817873,0.0050864377552342285,9.39163e-05,0.0426414,0.0013623349999999999,0.00206232,0.0029063724999999997
Outstanding,2027,42,0.00619780978,0.02427794349493707,0.000272924,0.217587,0.0012764249999999999,0.00198944,0.003015025
Outstanding,2027,43,0.003991476604,0.010415965263876045,9.55624e-05,0.0691528,0.00121355,0.001908615,0.0026097975000000002
Outstanding,2027,44,0.006861340879,0.03089776716459467,5.79953e-05,0.277752,0.0010967300000000002,0.0015681599999999999,0.0025480925
Outstanding,2027,45,0.0024240407399999998,0.008381749019128582,0.000222792,0.083802,0.0008169690000000001,0.00124288,0.0018823199999999998
Outstanding,2027,46,0.00309101111,0.009165631925376968,0.000157178,0.0650196,0.00080093625,0.0012425399999999999,0.001870385
Outstanding,2027,47,0.0014798754929999998,0.002033287612639133,7.33153e-05,0.0173339,0.0006306910000000001,0.000935284,0.00159198
Outstanding,2027,48,0.0019629258790000003,0.0032516456333345784,5.16474e-05,0.0173132,0.00062568625,0.0009731015,0.0014314125000000001
Paid,2024,1,0.02311772551,0.052908160964998625,0.000653972,0.491185,0.006993795000000001,0.0151118,0.019099
Paid,2024,2,0.055225922499999996,0.09975367468789444,0.00133181,0.90184,0.0139291,0.0368857,0.049682825
Paid,2024,3,0.07648125,0.1172777050326963,0.00226598,0.65296,0.02886395,0.04670725,0.061300775
Paid,2024,4,0.07380606355000001,0.2332043342717407,0.000195273,2.33597,0.0195998,0.04790655,0.06134515
Paid,2024,5,0.1119034946,0.27832542564919277,0.00178187,2.50224,0.023998575,0.052843600000000004,0.072265
Paid,2024,6,0.0650839675,0.12228663572390155,0.00330251,0.919953,0.0161332,0.0423067,0.0564462
Paid,2024,7,0.06617209465,0.10608023840085998,0.000592299,0.774763,0.020829225,0.044502799999999995,0.05913615
Paid,2024,8,0.0498461382,0.061665525948973454,0.00133253,0.386787,0.018010250000000002,0.0368342,0.053260100000000005
Paid,2024,9,0.048940882930000006,0.07908011616796871,0.000538513,0.606112,0.01486155,0.03293535,0.0484005
Paid,2024,10,0.0616663506,0.12828778862057708,0.00106785,0.839765,0.01472915,0.0334675,0.043198725
Paid,2024,11,0.050817374900000004,0.06993976651708,0.00069678,0.36866,0.013011475,0.02948425,0.05517975
Paid,2024,12,0.03735650583,0.046226184434313616,0.000699023,0.301646,0.0147043,0.025573600000000002,0.0386872
Paid,2024,13,0.03396550763,0.046263428873531395,0.000996633,0.253328,0.0092744975,0.021402650000000002,0.031558625
Paid,2024,14,0.034267126440000004,0.06839345145897835,0.000461946,0.567835,0.0083977175,0.0191852,0.026177575
Paid,2024,15,0.0314991543,0.05155307861770377,0.00037082,0.323641,0.011178025000000001,0.0177538,0.024455225
Paid,2024,16,0.02701062895,0.047072439929681596,0.000107807,0.340527,0.0076009525,0.016187899999999998,0.023906525
Paid,2024,17,0.02679059338,0.04340652431525134,0.000241606,0.334776,0.007543925,0.0149418,0.02297805
Paid,2024,18,0.05695336007,0.2902553111569893,0.00036647,2.87011,0.00839228,0.0146213,0.02324085
Paid,2024,19,0.01607887794,0.02147352961070759,0.0001341,0.1441,0.0046540225000000005,0.010190649999999999,0.016386325
Paid,2024,20,0.01697835075,0.044820809984985346,0.000252758,0.405169,0.004665455,0.00952965,0.01359485
Paid,2024,21,0.016333488360000002,0.0227921938758361,3.4515e-05,0.13438,0.005395085,0.00938483,0.015815525
Paid,2024,22,0.029580617309999998,0.12249594388366536,0.000163532,1.18268,0.0042867525,0.009113475,0.01301075
Paid,2024,23,0.0243041061,0.06289989781673018,0.000278316,0.457758,0.00489675,0.0082407,0.014372325
Paid,2024,24,0.01563906773,0.03466920917061884,0.000328264,0.298799,0.00406279,0.006979535,0.011963975
Paid,2024,25,0.010884184830000001,0.011903074348875609,0.000375492,0.0662195,0.0037278174999999998,0.007056534999999999,0.01194355
Paid,2024,26,0.012146167457999998,0.02409694656229983,6.30918e-05,0.161355,0.0024515674999999997,0.005581335,0.0094598775
Paid,2024,27,0.01260949969,0.039748601689397915,0.000190773,0.374771,0.002501355,0.00481749,0.006806065
Paid,2024,28,0.014032288497,0.03036104485442762,5.03537e-05,0.189442,0.00274225,0.00493002,0.00906628
Paid,2024,29,0.00999394616,0.029992587649774863,0.00010099,0.222674,0.0017801925,0.003906425,0.0052718925
Paid,2024,30,0.009847703718,0.027666784162493522,3.07708e-05,0.203012,0.0029425249999999997,0.003812865,0.00601477
Paid,2024,31,0.00698663131,0.01676922120682741,9.1599e-05,0.139753,0.001719515,0.00358326,0.0047799374999999995
Paid,2024,32,0.007460485627999999,0.015398220699617922,1.38098e-05,0.119595,0.002299255,0.003424305,0.00537012
Paid,2024,33,0.00454019292,0.007417361047552814,0.000110776,0.0469868,0.001212335,0.002477875,0.00363163
Paid,2024,34,0.003237518531,0.004579528743184818,2.38711e-05,0.0346267,0.00107205,0.002156635,0.00291932
Paid,2024,35,0.004436358164,0.007200813780837523,2.1685e-05,0.0490955,0.0013884424999999999,0.00217817,0.0042617950000000005
Paid,2024,36,0.0058506098129999995,0.020832211446120873,3.87603e-05,0.19961,0.0011753674999999998,0.002034735,0.003523165
Paid,2024,37,0.00505548965,0.012416305280206189,0.000103829,0.10012,0.00121012,0.0019780049999999997,0.0030785675
Paid,2024,38,0.002719732673,0.006154008596769807,7.17987e-05,0.043667,0.000735489,0.0015335499999999998,0.0020878975
Paid,2024,39,0.002449284883,0.0071846194432129105,1.31496e-05,0.0698051,0.000536019,0.0013608000000000001,0.001887365
Paid,2024,40,0.003589064321,0.012722635438710758,5.8712e-05,0.110774,0.00054337375,0.001224005,0.001691395
Paid,2024,41,0.0033858718320000005,0.007369841401009291,3.87107e-05,0.0441956,0.00072757125,0.0011317150000000002,0.001887465
Paid,2024,42,0.002020647031,0.00395134796120379,3.90871e-05,0.0316083,0.00045677,0.000942322,0.0014398325
Paid,2024,43,0.001594073257,0.0033058992818063436,5.18316e-05,0.0233442,0.00045664975,0.0008162925,0.0011956725
Paid,2024,44,0.001169069004,0.0019979062455155847,3.14748e-05,0.0181353,0.00051764525,0.000751672,0.0010057025
Paid,2024,45,0.002021713442,0.005130855456081043,4.97003e-05,0.0457272,0.0004226095,0.0007381815,0.0014892475
Paid,2024,46,0.000954297953,0.0010584878663290912,2.84628e-05,0.00618354,0.00033025525,0.000632181,0.001052425
Paid,2024,47,0.000906808801,0.0010906690756888862,1.65069e-05,0.00712981,0.000400713,0.0006209564999999999,0.0008678959999999999
Paid,2024,48,0.000849997451,0.0011452247095935534,1.60388e-05,0.00706436,0.00024632725000000005,0.0005361000000000001,0.00085789825
Paid,2025,1,0.01631478294,0.018687416656752255,0.000244283,0.107688,0.0055646375000000005,0.0102048,0.018779525
Paid,2025,2,0.07279751798,0.359080644095717,0.00019793,3.53049,0.011891725,0.0224795,0.038472375
Paid,2025,3,0.05123525439,0.06984902361214386,0.000313679,0.526895,0.0175738,0.0302103,0.056200625000000004
Paid,2025,4,0.05117981016,0.08656204722655995,0.000384554,0.627597,0.01600105,0.02999075,0.040563475
Paid,2025,5,0.05605372119,0.06844953031257052,0.000524649,0.302221,0.018071175,0.03075335,0.0475329
Paid,2025,6,0.0630305221,0.08735389258413542,0.00142612,0.495072,0.022711775,0.0352873,0.054372050000000005
Paid,2025,7,0.0715347293,0.1914127906379002,0.0024338,1.69893,0.016713275,0.02972645,0.0528027
Paid,2025,8,0.04512953150000001,0.07299948257639267,0.00107862,0.569205,0.016690550000000002,0.026897249999999998,0.039674749999999995
Paid,2025,9,0.05994919558,0.1281122567759865,0.000926688,0.963351,0.0171326,0.024686100000000002,0.045204549999999996
Paid,2025,10,0.047758254459999996,0.10296669170967256,0.000771476,0.722453,0.0124656,0.0214998,0.033461599999999994
Paid,2025,11,0.03226486477,0.05387976509622396,0.000432634,0.399873,0.010253324999999999,0.018301650000000003,0.028311175
Paid,2025,12,0.04445319499,0.12580752105916612,0.000460675,1.11678,0.0097496,0.01659555,0.0259817
Paid,2025,13,0.02602493785,0.03266800131331188,0.000546837,0.154514,0.008901665,0.016139149999999998,0.0233101
Paid,2025,14,0.03772439187,0.08045943560070706,0.000306337,0.66091,0.010899550000000001,0.0151538,0.02772555
Paid,2025,15,0.033759132309999995,0.0877945794966549,0.000698881,0.806642,0.0073157375,0.013789349999999999,0.023833825
Paid,2025,16,0.02693422742,0.05684665366166819,0.000537471,0.385775,0.0072627625000000005,0.0117624,0.0168864
Paid,2025,17,0.04745636634,0.2196127538433298,0.000673991,2.17425,0.0057441,0.0107277,0.022741024999999998
Paid,2025,18,0.02127241475,0.040453581030042256,0.0001329,0.300022,0.00598962,0.009228305,0.0170889
Paid,2025,19,0.02466794981,0.06331404169786982,0.00060646,0.524741,0.0053696275,0.00803647,0.012368625000000001
Paid,2025,20,0.015464683779999999,0.022440396927503593,0.000226198,0.145204,0.0056644775,0.00752874,0.0165257
Paid,2025,21,0.011892889799999999,0.016435901835904643,0.000405999,0.0994798,0.00400496,0.006604465,0.010831675
Paid,2025,22,0.011988309879999999,0.019273364755469105,0.000461608,0.135485,0.00441659,0.0059022,0.012300375
Paid,2025,23,0.013099240299999999,0.03058729720852329,0.000238001,0.255285,0.00344042,0.005543035,0.009626215
Paid,2025,24,0.01556141186,0.05786007224390247,0.000140471,0.548207,0.0030377675,0.00524142,0.009346892499999999
Paid,2025,25,0.016178795894,0.05899077251538903,6.32241e-05,0.524308,0.0025583925,0.00482232,0.00973068
Paid,2025,26,0.00859494956,0.015049843794489386,8.1442e-05,0.0991619,0.0025395725,0.004446325,0.007670855
Paid,2025,27,0.00742237198,0.011315891121539984,2.6342e-05,0.0705828,0.002769725,0.0035471599999999997,0.0064432225
Paid,2025,28,0.00689460472,0.010896112852119113,0.000218467,0.0877718,0.002262335,0.003428575,0.006065985
Paid,2025,29,0.008778843568,0.03702693231883285,4.2015e-05,0.361046,0.0018198025,0.002928415,0.0049969475000000005
Paid,2025,30,0.004645829137,0.009028087746028512,6.55417e-05,0.0636176,0.0012347375,0.0025274299999999998,0.0037738349999999997
Paid,2025,31,0.0054745798379999995,0.011861480870491771,9.00768e-05,0.0931733,0.0014641525,0.002273915,0.0038325950000000003
Paid,2025,32,0.00474394793,0.011059283440578912,0.000124133,0.101089,0.0012388025,0.001919915,0.00330167
Paid,2025,33,0.004103070965,0.009801595890543836,4.60475e-05,0.0773259,0.000847928,0.001743025,0.00283146
Paid,2025,34,0.003761124969,0.007118992386877237,5.3825e-05,0.0500167,0.000964558,0.00155968,0.0031433075
Paid,2025,35,0.008039202002,0.03857252767435968,2.51942e-05,0.365985,0.00108559,0.0015531899999999999,0.0029589250000000003
Paid,2025,36,0.00257871281,0.002943393972797447,0.000103514,0.0165592,0.0010186799999999999,0.001506345,0.0029291250000000003
Paid,2025,37,0.0047642877220000004,0.018200347461447167,3.72556e-05,0.161239,0.0008487245,0.00121711,0.002194265
Paid,2025,38,0.007326193428000001,0.03852297195306916,4.21328e-05,0.37669,0.00063369475,0.0010353,0.00219176
Paid,2025,39,0.0020923337159999998,0.0029086562280922594,4.55476e-05,0.0175835,0.00068946325,0.000976608,0.0024434925
Paid,2025,40,0.00229981524,0.004621392941343532,1.91597e-05,0.0276915,0.00064612975,0.0008447595,0.0019810225
Paid,2025,41,0.002090979678,0.002866927720455061,4.96063e-05,0.0183132,0.000684194,0.001008555,0.0023342625
Paid,2025,42,0.0019344974645,0.004136738652928178,8.41605e-06,0.0341531,0.00047478475,0.000679701,0.0012512225
Paid,2025,43,0.001760039442,0.003694345323631038,1.09534e-05,0.0227801,0.0003286885,0.0006324985,0.00109376
Paid,2025,44,0.001518303678,0.002362559870694144,6.92995e-05,0.0176953,0.00042495175,0.0006384940000000001,0.00156389
Paid,2025,45,0.001316932346,0.0027300237610289884,1.50259e-05,0.0169157,0.00038380049999999996,0.0005300305,0.000990615
Paid,2025,46,0.0014306204872,0.0029259842045275255,9.73572e-06,0.0199775,0.00032429425,0.000492316,0.00120325
Paid,2025,47,0.001261076596,0.004224837873807553,1.12734e-05,0.0419553,0.00030094425,0.0004248165,0.0011140874999999999
Paid,2025,48,0.0009618552808,0.0015702745337400944,7.40638e-06,0.00931324,0.00029964325,0.000420268,0.00078106825
Paid,2026,1,0.0244571353,0.04829215612813677,0.000804593,0.39401,0.008319455,0.01340755,0.022690625
Paid,2026,2,0.09636818818,0.2963917982958178,0.000813558,2.33251,0.01769155,0.0321244,0.046468
Paid,2026,3,0.07484504789,0.2960769525204504,0.000602289,2.94698,0.0164441,0.03152215,0.046679275
Paid,2026,4,0.0737334655,0.13994814041552922,0.00291691,1.28756,0.02086345,0.043123800000000004,0.06463522499999999
Paid,2026,5,0.09986899783,0.18657164684708602,0.000481903,1.27497,0.019102550000000003,0.0427434,0.079419425
Paid,2026,6,0.0504773257,0.053709581169597335,0.00162122,0.358041,0.018337025,0.037875,0.059287150000000004
Paid,2026,7,0.053839049699999995,0.08181516128009539,0.00125643,0.736527,0.016774125,0.03721305,0.0596348
Paid,2026,8,0.0459269354,0.054726667989265884,0.00109969,0.324614,0.014865100000000001,0.03249685,0.046407924999999996
Paid,2026,9,0.0899443837,0.2584683292278854,0.00212748,2.42043,0.0199349,0.03231905,0.059882325
Paid,2026,10,0.06376929643,0.17200658328406543,0.000278141,1.61348,0.016395125,0.02795785,0.04252805
Paid,2026,11,0.050704914,0.08653905649551369,0.00111357,0.614316,0.016100125,0.02800665,0.05014315
Paid,2026,12,0.08268101149,0.351183575569053,0.000953329,3.24332,0.016579875,0.02543545,0.036500899999999996
Paid,2026,13,0.0318786473,0.04401657977991672,0.000174231,0.258707,0.010858099999999999,0.02072595,0.028852950000000002
Paid,2026,14,0.04064478562,0.08113998974740652,0.000570662,0.646334,0.009619825,0.0194121,0.029051599999999997
Paid,2026,15,0.035255252279999996,0.06495390536969955,0.000564768,0.463229,0.008523622500000001,0.0166871,0.02582385
Paid,2026,16,0.021014791395,0.02576868437021649,9.51335e-05,0.15754,0.0076898625,0.0146386,0.022363725
Paid,2026,17,0.022940886179999998,0.031834538739434856,0.000331521,0.196826,0.0074383850000000005,0.01372135,0.022338425
Paid,2026,18,0.02256509292,0.053005548542112854,0.000298567,0.420366,0.0068802225,0.0115877,0.016014050000000002
Paid,2026,19,0.018965143610000002,0.038148522395926296,0.000345341,0.308018,0.00450849,0.0104283,0.015428775
Paid,2026,20,0.014117070789999998,0.016754124310993514,0.000182087,0.102732,0.0036240975,0.009149485,0.0177376
Paid,2026,21,0.01613424373,0.027911240880876726,0.000430902,0.209902,0.0061194249999999995,0.008815420000000001,0.0136864
Paid,2026,22,0.035310138809999995,0.21160380139562357,0.00017616,2.11843,0.0053730675,0.00828867,0.0149163
Paid,2026,23,0.02047806325,0.07961305841225874,0.000292737,0.708292,0.00422046,0.006996155,0.010899325000000001
Paid,2026,24,0.03913762624,0.2518060810937999,0.000288867,2.517,0.0052449,0.007807679999999999,0.0125445
Paid,2026,25,0.01161616838,0.02813668106222216,0.000348112,0.231869,0.0031528850000000002,0.005565245,0.008857575
Paid,2026,26,0.01255854939,0.02648063274945635,0.000175382,0.184538,0.00288361,0.00539771,0.010543799999999999
Paid,2026,27,0.008179835090999999,0.010933497940429556,4.71721e-05,0.0560964,0.0025186825,0.00463478,0.0078067325
Paid,2026,28,0.008316730453,0.014759892836096989,7.59453e-05,0.0953554,0.0025645925,0.0044428950000000005,0.007529555
Paid,2026,29,0.00919333996,0.021980420050872293,1.4262e-05,0.178334,0.0020381825,0.00351419,0.006622825000000001
Paid,2026,30,0.00585737234,0.008123544645129557,0.000266498,0.0404803,0.0018729375,0.003347815,0.004740955
Paid,2026,31,0.00518705144,0.012583117279006552,0.000134266,0.118969,0.0017327674999999998,0.002736405,0.004386905
Paid,2026,32,0.00594887187,0.01424318627179762,0.000116545,0.123426,0.001542065,0.0027502000000000004,0.0048330149999999995
Paid,2026,33,0.007161472092,0.028649639718126424,8.14332e-05,0.278834,0.0013819799999999999,0.002348285,0.003294805
Paid,2026,34,0.004801545139999999,0.011221138476391432,1.3951e-05,0.0873107,0.00103709,0.0021448250000000004,0.0032083775
Paid,2026,35,0.002828260252,0.004690147224973325,7.28499e-05,0.0351159,0.0008945975,0.001915875,0.002617115
Paid,2026,36,0.00449561057,0.007502154951502828,0.0001964,0.05476,0.0014910425,0.0020041499999999997,0.004313865
Paid,2026,37,0.003190735287,0.009312353487425392,3.91377e-05,0.0912173,0.0009583735000000001,0.00148372,0.0025532174999999997
Paid,2026,38,0.003596857149,0.008788814616105567,2.98329e-05,0.0632893,0.000764916,0.0013697750000000002,0.0022736600000000003
Paid,2026,39,0.004920930971,0.02613442017208744,5.87035e-05,0.260891,0.00073382975,0.0011919650000000001,0.0022755325
Paid,2026,40,0.002327365741,0.003895771168795899,5.89231e-05,0.0262686,0.00063799275,0.00115683,0.0022400875
Paid,2026,41,0.0018856025640000002,0.003979015884257832,3.53418e-05,0.0344024,0.0006118492499999999,0.0009680509999999999,0.00137261
Paid,2026,42,0.0013425898080000002,0.0015458125866118807,2.75139e-05,0.00918123,0.00041606375,0.000855139,0.00158282
Paid,2026,43,0.001722097306,0.002959141000395103,3.89316e-05,0.019187,0.00045632925,0.000762862,0.0012652775000000002
Paid,2026,44,0.001704989999,0.0054513857232123385,6.10839e-05,0.0540414,0.000522322,0.0007842185,0.0011819625000000001
Paid,2026,45,0.001318352561,0.0025171526871174297,2.53796e-05,0.0224556,0.00042379475,0.000633931,0.0010894425
Paid,2026,46,0.001355800417,0.0026077664963254097,3.28612e-05,0.0180095,0.00035081399999999997,0.000588852,0.001111595
Paid,2026,47,0.001652925106,0.0049142195701573485,2.05096e-05,0.038958,0.000290602,0.000508606,0.0007988995
Paid,2026,48,0.000696293319,0.0007507767446102102,2.26934e-05,0.00447685,0.00020224050000000002,0.0004888335,0.0007737862499999999
Paid,2027,1,0.0181573772,0.02021065424466713,0.000575805,0.11796,0.0069160075,0.01220885,0.02238405
Paid,2027,2,0.0604276237,0.11580113276861499,0.00227507,0.737598,0.01578705,0.0297187,0.04700035
Paid,2027,3,0.0635231226,0.1427062301875649,0.00263112,1.30229,0.01947755,0.033416799999999997,0.048935925
Paid,2027,4,0.0810244551,0.1766934841039848,0.00239233,1.48079,0.027010674999999998,0.041611850000000006,0.0610132
Paid,2027,5,0.06927595045,0.14274950527702138,0.000102405,1.37248,0.02375225,0.0416423,0.07201487499999999
Paid,2027,6,0.0752618977,0.12179195468393139,0.00363702,0.666946,0.020312900000000002,0.03980745,0.060319149999999995
Paid,2027,7,0.08334390080000001,0.1596794509456173,0.00123984,1.25171,0.0215189,0.038381,0.0681673
Paid,2027,8,0.0627749928,0.09922428937968739,0.00291363,0.830402,0.0239095,0.03570575,0.0709031
Paid,2027,9,0.0495559365,0.06282302993986003,0.0018398,0.462318,0.0189853,0.030830700000000003,0.050917
Paid,2027,10,0.05577792669,0.123161951333932,9.1243e-05,1.14904,0.011999875,0.0275247,0.052044075
Paid,2027,11,0.04875243168,0.09814869718184906,0.000747718,0.819176,0.01578165,0.0244719,0.0391146
Paid,2027,12,0.038238783650000004,0.05817425111780839,0.000631415,0.449399,0.011502,0.02347365,0.039855175
Paid,2027,13,0.03734851202,0.062495829298428104,0.000343482,0.367069,0.013358925,0.02196355,0.029848575000000002
Paid,2027,14,0.0368230568,0.06781628423607357,0.000126587,0.439827,0.010479249999999999,0.019401750000000002,0.028938525
Paid,2027,15,0.05533722687,0.13359310168489905,0.000638897,1.17654,0.01271335,0.01797165,0.044947025
Paid,2027,16,0.0328513587,0.07716132571392244,0.000197574,0.607219,0.007174655,0.0131213,0.01834895
Paid,2027,17,0.0310343173,0.05420544789603447,0.0010281,0.375236,0.010629725,0.01502015,0.0322959
Paid,2027,18,0.03211052541,0.09268036885556351,0.000793889,0.702979,0.00654424,0.011499800000000001,0.017824725
Paid,2027,19,0.0433586989,0.16098675483792052,0.0010852,1.48243,0.0089546225,0.01323805,0.028774124999999998
Paid,2027,20,0.08465424365,0.6590813020636744,0.000150006,6.60218,0.0064462,0.009742015,0.01660745
Paid,2027,21,0.02126746072,0.03348378764875335,0.000139282,0.201896,0.00578687,0.009040705,0.020983525
Paid,2027,22,0.0454438281,0.26246950039044104,0.000450201,2.60998,0.00599615,0.0085788,0.016767249999999997
Paid,2027,23,0.017713710897999998,0.03865871581954831,8.45258e-05,0.275784,0.004137834999999999,0.006543545,0.011351325
Paid,2027,24,0.01223076385,0.01983059194572913,0.000254185,0.117489,0.0038367350000000004,0.005863655000000001,0.009443667499999999
Paid,2027,25,0.01477401011,0.03514286255778296,0.000267861,0.27999,0.004020435,0.006228845,0.010338725
Paid,2027,26,0.01846485369,0.06731787368899796,0.000115323,0.628486,0.0030450725,0.00466073,0.0087601125
Paid,2027,27,0.014299175610000001,0.028016338375406583,0.000284874,0.16325,0.003134145,0.00485781,0.010878875
Paid,2027,28,0.008635791240000001,0.022871697043250528,0.000250704,0.169178,0.002506625,0.00389461,0.0062951475
Paid,2027,29,0.01106234942,0.02803127118701402,0.000454916,0.232257,0.00295495,0.0037002199999999997,0.005618285000000001
Paid,2027,30,0.009981113239999999,0.031140770736596487,0.000160607,0.296301,0.0023243675,0.0036313,0.0072227875
Paid,2027,31,0.010163506822999999,0.0463746457096448,5.10903e-05,0.461562,0.002027265,0.00294565,0.0049854725
Paid,2027,32,0.0049753608,0.009983147530409268,6.4483e-05,0.0918882,0.0016859225,0.0025853250000000003,0.005028295
Paid,2027,33,0.008428834977,0.025926368715228958,1.97973e-05,0.230595,0.0017659425000000001,0.00231364,0.0053001725
Paid,2027,34,0.004159160738,0.00788309907250053,4.11688e-05,0.0681722,0.0015377124999999998,0.002157455,0.003660545
Paid,2027,35,0.00321680617,0.007093773013005732,5.3993e-05,0.0671645,0.0011183225,0.00184751,0.002943545
Paid,2027,36,0.003226219602,0.004847494129866278,6.22221e-05,0.0306699,0.0012599825,0.00165299,0.0031785199999999998
Paid,2027,37,0.005559598961,0.01989238711527713,5.73693e-05,0.165382,0.0011407449999999999,0.001514425,0.00235741
Paid,2027,38,0.0024896552599999997,0.0031815878207633193,6.10934e-05,0.0161722,0.0009208285,0.001303,0.0023158575
Paid,2027,39,0.003121717679,0.006377446075574584,2.01956e-05,0.04371,0.00074062575,0.001199935,0.002239035
Paid,2027,40,0.004122548932,0.008840834191273014,6.86062e-05,0.0714535,0.00088205725,0.00127118,0.0028934525
Paid,2027,41,0.001789087123,0.0024166986004127786,4.69171e-05,0.0114462,0.00052221575,0.00100586,0.0015344224999999999
Paid,2027,42,0.003212430993,0.013700485504984115,3.03688e-05,0.136115,0.00058320725,0.0008791355,0.0017485325
Paid,2027,43,0.003379425428,0.012762657840323894,1.99694e-05,0.121769,0.0006117087499999999,0.0008869115,0.0017816824999999999
Paid,2027,44,0.002617674537,0.008945445342398443,2.56449e-05,0.0802693,0.00050749575,0.000751665,0.0016319275
Paid,2027,45,0.002723809997,0.008852262723650015,2.21024e-05,0.0749468,0.0005067695,0.0007552399999999999,0.0018575275
Paid,2027,46,0.0017531590713,0.004969350648424831,7.14026e-06,0.0462023,0.00034288125000000004,0.0005616915,0.0013450125
Paid,2027,47,0.002029147538,0.00713176233953257,1.36053e-05,0.0620209,0.0003170595,0.0004799375,0.000812019
Paid,2027,48,0.0009723599449999999,0.002415727889452233,2.1054e-05,0.0216875,0.00032746,0.000457815,0.0006427975
